COORD_SYS_CODE,COORD_SYS_NAME,COORD_SYS_TYPE,DIMENSION,REMARKS,INFORMATION_SOURCE,DATA_SOURCE,REVISION_DATE,CHANGE_ID,DEPRECATED
1024,"Cartesian 2D CS. Axes: easting, northing (M,P). Orientations east, north. UoM m.",Cartesian,2,Used in projected and engineering coordinate reference systems in Portuguese territories.,OGP,OGP,14-11-2009,2009.085,FALSE
1025,"Cartesian 2D CS for south polar azimuthal lonO 140øE. Axes: X,Y. Orientations: X along 130øW, Y along 140øE meridians. UoM: m.",Cartesian,2,Used for South Pole tangential and secant projections.,OGP,OGP,14-03-2010,2009.034,FALSE
1026,"Cartesian 2D CS for UPS north. Axes: E,N. Orientations: E along 90øE meridian, N along 180øE meridian. UoM: m.",Cartesian,2,Used for North Pole tangential and secant projections.,OGP,OGP,24-03-2010,2010.022,FALSE
1027,"Cartesian 2D CS for UPS south. Axes: E,N. Orientations: E along 90øE, N along 0øE meridians. UoM: m.",Cartesian,2,Used for South Pole tangential and secant projections.,OGP,OGP,14-03-2010,2010.022,FALSE
1028,"Cartesian 2D CS. Axes: easting, northing (E,N). Orientations: east, north. UoM: ydCl.",Cartesian,2,Used in projected and engineering coordinate reference systems.,OGP,OGP,22-07-2011,2011.026,FALSE
1029,"Cartesian 2D CS. Axes: northing, easting (N,E). Orientations: north, east. UoM: ft.",Cartesian,2,Used in projected and engineering coordinate reference systems.,OGP,OGP,03-09-2011,2011.074,FALSE
1030,Vertical CS. Axis: height (H). Orientation: up. UoM: ft.,vertical,1,Used in vertical coordinate reference systems.,OGP,OGP,20-09-2011,2011.086,FALSE
1031,"Cartesian 2D CS. Axes: northing, westing (Y,X). Orientations: north, west. UoM: m.",Cartesian,2,Used in Danish projected coordinate reference systems.,OGP,OGP,16-01-2012,2011.085,FALSE
1032,"Cartesian 3D CS (gravity-related Topocentric). Axes: plant E, Plant N, height (x,y,z). Orientations: east, north, up. UoM: m.",Cartesian,3,Used in engineering coordinate reference systems. x and y are in the horizontal plane and z is the local vertical. Not to be confused with CS 4461.,OGP,OGP,05-07-2012,2012.068,FALSE
1033,"Bin grid CS (I = J+90ø). Axes: I,J.",Cartesian,2,I-axis positive direction is rotated 90ø clockwise from J-axis when viewed from above. Geographical direction of axes and bin dimensions in map grid units are defined in associated coordinate operation.,OGP,OGP,18-07-2012,2011.106,FALSE
1034,"Bin grid CS (I = J-90ø). Axes: I,J.",Cartesian,2,I-axis positive direction is rotated 90ø counter-clockwise from J-axis when viewed from above. Geographical direction of axes and bin dimensions in map grid units are defined in associated coordinate operation.,OGP,OGP,18-07-2012,2011.106,FALSE
1035,"Cartesian 2D CS for north polar azimuthal lonO 90øE. Axes: X,Y. Orientations: X along 180øE, Y along 90øW meridians. UoM: m.",Cartesian,2,Used for North Pole tangential and secant projections.,OGP,OGP,13-11-2012,2012.084,FALSE
1036,"Cartesian 2D CS for north polar azimuthal lonO 33øW. Axes: X,Y. Orientations: X along 57øE, Y along 147øE meridians. UoM: m.",Cartesian,2,Used for North Pole tangential and secant projections.,OGP,OGP,01-12-2012,2012.088,FALSE
1037,"Cartesian 2D CS for north polar azimuthal lonO 18øE. Axes: X,Y. Orientations: X along 108øE, Y along 162øW meridians. UoM: m.",Cartesian,2,Used for North Pole tangential and secant projections.,OGP,OGP,01-12-2012,2012.088,FALSE
1038,"Cartesian 2D CS for north polar azimuthal lonO 105øE. Axes: X,Y. Orientations: X along 165øW, Y along 75øW meridians. UoM: m.",Cartesian,2,Used for North Pole tangential and secant projections.,OGP,OGP,01-12-2012,2012.088,FALSE
1039,"Cartesian 2D CS. Axes: easting, northing (E,N). Orientations: east, north. UoM: ft.",Cartesian,2,Used in projected and engineering coordinate reference systems.,OGP,OGP,08-12-2012,2012.095,FALSE
1043,Vertical CS. Axis: depth (D). Orientation: down. UoM: ftUS.,vertical,1,Used in US vertical coordinate reference systems.,OGP,OGP,21-08-2013,2013.028,FALSE
1044,"Cartesian 2D CS for south polar azimuthal lonO 180øE. Axes: N,E. Orientations: N along 180øE, E along 90øW meridians. UoM: m.",Cartesian,2,Used for South Pole tangential and secant projections.,OGP,OGP,22-07-2014,2014.046,FALSE
4400,"Cartesian 2D CS. Axes: easting, northing (E,N). Orientations: east, north. UoM: m.",Cartesian,2,Used in projected and engineering coordinate reference systems.,OGP,OGP,29-04-2001,,FALSE
4401,"Cartesian 2D CS. Axes: easting, northing (E,N). Orientations: east, north. UoM: chBnB.",Cartesian,2,Used in projected and engineering coordinate reference systems.,OGP,OGP,29-04-2001,,FALSE
4402,"Cartesian 2D CS. Axes: easting, northing (E,N). Orientations: east, north. UoM: chSe.",Cartesian,2,Used in projected and engineering coordinate reference systems.,OGP,OGP,29-04-2001,,FALSE
4403,"Cartesian 2D CS. Axes: easting, northing (E,N). Orientations: east, north. UoM: ftCla.",Cartesian,2,Used in projected and engineering coordinate reference systems.,OGP,OGP,29-04-2001,,FALSE
4404,"Cartesian 2D CS. Axes: easting, northing (E,N). Orientations: east, north. UoM: ftGC.",Cartesian,2,Used in projected and engineering coordinate reference systems.,OGP,OGP,29-04-2001,,FALSE
4405,"Cartesian 2D CS. Axes: easting, northing (E,N). Orientations: east, north. UoM: ftSe.",Cartesian,2,Used in projected and engineering coordinate reference systems.,OGP,OGP,29-04-2001,,FALSE
4406,"Cartesian 2D CS. Axes: easting, northing (E,N). Orientations: east, north. UoM: km.",Cartesian,2,Used in projected and engineering coordinate reference systems.,OGP,OGP,29-04-2001,,FALSE
4407,"Cartesian 2D CS. Axes: easting, northing (E,N). Orientations: east, north. UoM: lkCla.",Cartesian,2,Used in projected and engineering coordinate reference systems.,OGP,OGP,29-04-2001,,FALSE
4408,"Cartesian 2D CS. Axes: easting, northing (E,N). Orientations: east, north. UoM: ydInd.",Cartesian,2,Used in projected and engineering coordinate reference systems.,OGP,OGP,29-04-2001,,FALSE
4409,"Cartesian 2D CS. Axes: easting, northing (E,N). Orientations: east, north. UoM: ydSe.",Cartesian,2,Used in projected and engineering coordinate reference systems.,OGP,OGP,29-04-2001,,FALSE
4410,"Cartesian 2D CS. Axes: easting, northing (E,N). Orientations: east, north. UoM: chSe(T).",Cartesian,2,Used in projected and engineering coordinate reference systems.,OGP,OGP,24-07-2006,,FALSE
4460,"Cartesian 2D CS for north polar azimuthal lonO 0øE. Axes: E,N. Orientations: E along 90øE, N along 180øE meridians. UoM: m.",Cartesian,2,Used for North Pole tangential and secant projections.,OGP,OGP,19-09-2008,,FALSE
4461,"Cartesian 3D CS (ellipsoid-based Topocentric). Axes: easting, northing, topocentric height (U,V,W). Orientations: east, north, up. UoM: m.",Cartesian,3,"U = tangent to ellipsoidal surface at topocentric origin, positive east; V = tangent to ellipsoid surface at topocentric origin, positive north; and W = orthogonal to ellipsoidal surface passing through topocentric origin and positive up.",OGP,OGP,01-11-2007,,FALSE
4462,"Cartesian 2D CS for north polar azimuthal lonO 90øE. Axes: X,Y. Orientations: X along 180øW, Y along 90øW meridians. UoM: m.",Cartesian,2,Used for North Pole tangential and secant projections.,OGP,OGP,23-06-2008,2008.045 2012.096,TRUE
4463,"Cartesian 2D CS for north polar azimuthal lonO 10øE. Axes: X,Y. Orientations: X along 100øE, Y along 170øW meridians. UoM: m.",Cartesian,2,Used for North Pole tangential and secant projections.,OGP,OGP,23-06-2008,2008.045,FALSE
4464,"Cartesian 2D CS for north polar azimuthal lonO 180øE. Axes: X,Y. Orientations: X along 90øW, Y along 0øE meridians. UoM: m.",Cartesian,2,Used for North Pole tangential and secant projections.,OGP,OGP,23-06-2008,2008.045,FALSE
4465,"Cartesian 2D CS for north polar azimuthal lonO 40øW. Axes: X,Y. Orientations: X along 50øE, Y along 140øE meridians. UoM: m.",Cartesian,2,Used for North Pole tangential and secant projections.,OGP,OGP,23-06-2008,2008.045,FALSE
4466,"Cartesian 2D CS for north polar azimuthal lonO 100øW. Axes: X,Y. Orientations: X along 10øW, Y along 80øE meridians. UoM: m.",Cartesian,2,Used for North Pole tangential and secant projections.,OGP,OGP,23-06-2008,2008.045,FALSE
4467,"Cartesian 2D CS for north polar azimuthal lonO 150øW. Axes: X,Y. Orientations: X along 60øW, Y along 30øE meridians. UoM: m.",Cartesian,2,Used for North Pole tangential and secant projections.,OGP,OGP,23-06-2008,2008.045,FALSE
4468,"Cartesian 2D CS for north polar azimuthal lonO 45øW. Axes: X,Y. Orientations: X along 45øE, Y along 135øE meridians. UoM: m.",Cartesian,2,Used for North Pole tangential and secant projections.,OGP,OGP,23-06-2008,2008.045,FALSE
4469,"Cartesian 2D CS for north polar azimuthal lonO 0øE. Axes: X,Y. Orientations: X along 90øE, Y along 180øE meridians. UoM: m.",Cartesian,2,Used for North Pole tangential and secant projections.,OGP,OGP,23-06-2008,2008.045,FALSE
4470,"Cartesian 2D CS for south polar azimuthal lonO 0øE. Axes: X,Y. Orientations: X along 90øE, Y along 0øE meridians. UoM: m.",Cartesian,2,Used for South Pole tangential and secant projections.,OGP,OGP,23-06-2008,2008.045,FALSE
4471,"Cartesian 2D CS for south polar azimuthal lonO 165øW. Axes: E,N. Orientations: E along 75øW, N along 165øW meridians. UoM: m.",Cartesian,2,Used for South Pole tangential and secant projections.,OGP,OGP,23-06-2008,2008.045,FALSE
4472,"Cartesian 2D CS for south polar azimuthal lonO 150øW. Axes: E,N. Orientations: E along 60øW, N along 150øW meridians. UoM: m.",Cartesian,2,Used for South Pole tangential and secant projections.,OGP,OGP,23-06-2008,2008.045,FALSE
4473,"Cartesian 2D CS for south polar azimuthal lonO 135øW. Axes: E,N. Orientations: E along 45øW, N along 135øW meridians. UoM: m.",Cartesian,2,Used for South Pole tangential and secant projections.,OGP,OGP,23-06-2008,2008.045,FALSE
4474,"Cartesian 2D CS for south polar azimuthal lonO 105øW. Axes: E,N. Orientations: E along 15øW, N along 105øW meridians. UoM: m.",Cartesian,2,Used for South Pole tangential and secant projections.,OGP,OGP,23-06-2008,2008.045,FALSE
4475,"Cartesian 2D CS for south polar azimuthal lonO 90øW. Axes: E,N. Orientations: E along 0øE, N along 90øW meridians. UoM: m.",Cartesian,2,Used for South Pole tangential and secant projections.,OGP,OGP,23-06-2008,2008.045,FALSE
4476,"Cartesian 2D CS for south polar azimuthal lonO 75øW. Axes: E,N. Orientations: E along 15øE, N along 75øW meridians. UoM: m.",Cartesian,2,Used for South Pole tangential and secant projections.,OGP,OGP,23-06-2008,2008.045,FALSE
4477,"Cartesian 2D CS for south polar azimuthal lonO 45øW. Axes: E,N. Orientations: E along 45øE, N along 45øW meridians. UoM: m.",Cartesian,2,Used for South Pole tangential and secant projections.,OGP,OGP,23-06-2008,2008.045,FALSE
4478,"Cartesian 2D CS for south polar azimuthal lonO 30øW. Axes: E,N. Orientations: E along 60øE, N along 30øW meridians. UoM: m.",Cartesian,2,Used for South Pole tangential and secant projections.,OGP,OGP,23-06-2008,2008.045,FALSE
4479,"Cartesian 2D CS for south polar azimuthal lonO 15øW. Axes: E,N. Orientations: E along 75øE, N along 15øW meridians. UoM: m.",Cartesian,2,Used for South Pole tangential and secant projections.,OGP,OGP,23-06-2008,2008.045,FALSE
4480,"Cartesian 2D CS for south polar azimuthal lonO 15øE. Axes: E,N. Orientations: E along 105øE, N along 15øE meridians. UoM: m.",Cartesian,2,Used for South Pole tangential and secant projections.,OGP,OGP,23-06-2008,2008.045,FALSE
4481,"Cartesian 2D CS for south polar azimuthal lonO 30øE. Axes: E,N. Orientations: E along 120øE, N along 30øEmeridians. UoM: m.",Cartesian,2,Used for South Pole tangential and secant projections.,OGP,OGP,23-06-2008,2008.045,FALSE
4482,"Cartesian 2D CS for south polar azimuthal lonO 45øE. Axes: E,N. Orientations: E along 135øE, N along 45øE meridians. UoM: m.",Cartesian,2,Used for South Pole tangential and secant projections.,OGP,OGP,23-06-2008,2008.045,FALSE
4483,"Cartesian 2D CS for south polar azimuthal lonO 75øE. Axes: E,N. Orientations: E along 165øE, N along 75øE meridians. UoM: m.",Cartesian,2,Used for South Pole tangential and secant projections.,OGP,OGP,23-06-2008,2008.045,FALSE
4484,"Cartesian 2D CS for south polar azimuthal lonO 90øE. Axes: E,N. Orientations: E along 180øE, N along 90øE meridians. UoM: m.",Cartesian,2,Used for South Pole tangential and secant projections.,OGP,OGP,23-06-2008,2008.045,FALSE
4485,"Cartesian 2D CS for south polar azimuthal lonO 105øE. Axes: E,N. Orientations: E along 165øW, N along 105øE meridians. UoM: m.",Cartesian,2,Used for South Pole tangential and secant projections.,OGP,OGP,23-06-2008,2008.045,FALSE
4486,"Cartesian 2D CS for south polar azimuthal lonO 135øE. Axes: E,N. Orientations: E along 135øW, N along 135øE meridians. UoM: m.",Cartesian,2,Used for South Pole tangential and secant projections.,OGP,OGP,23-06-2008,2008.045,FALSE
4487,"Cartesian 2D CS for south polar azimuthal lonO 150øE. Axes: E,N. Orientations: E along 120øW, N along 150øE meridians. UoM: m.",Cartesian,2,Used for South Pole tangential and secant projections.,OGP,OGP,23-06-2008,2008.045,FALSE
4488,"Cartesian 2D CS for south polar azimuthal lonO 165øE. Axes: E,N. Orientations: E along 105øW, N along 165øE meridians. UoM: m.",Cartesian,2,Used for South Pole tangential and secant projections.,OGP,OGP,23-06-2008,2008.045,FALSE
4489,"Cartesian 2D CS for south polar azimuthal lonO 70øE. Axes: E,N. Orientations: E along 160øE, N along 70øE meridians. UoM: m.",Cartesian,2,Used for South Pole tangential and secant projections.,OGP,OGP,23-06-2008,2008.045,FALSE
4490,"Cartesian 2D CS for south polar azimuthal lonO 0øE. Axes: E,N. Orientations: E along 90øE, N along 0øE meridians. UoM: m.",Cartesian,2,Used for South Pole tangential and secant projections.,OGP,OGP,23-06-2008,2008.045,FALSE
4491,"Cartesian 2D CS. Axes: westing, northing (W,N). Orientations: west, north. UoM: m.",Cartesian,2,Used in old Danish coordinate reference systems.,Landmaelingar Islands (National Land Survey of Iceland).,OGP,29-04-2001,,FALSE
4492,"Cartesian 2D CS for south polar azimuthal lonO 140øE. Axes: X,Y. Orientations: X along 130øW, Y along 140øE meridians. UoM: m.",Cartesian,2,Used for South Pole tangential and secant projections.,OGP,OGP,23-06-2008,2008.045 2009.034,TRUE
4493,"Cartesian 2D CS for UPS north. Axes: N,E. Orientations: N along 180øE meridian, E along 90øE meridian. UoM: m.",Cartesian,2,Used for North Pole tangential and secant projections.,DMA TM8358.2,OGP,30-03-2010,2008.045 2010.022,FALSE
4494,"Cartesian 2D CS for UPS south. Axes: N,E. Orientations: N along 0øE, E along 90øE meridians. UoM: m.",Cartesian,2,Used for South Pole tangential and secant projections.,DMA TM8358.2,OGP,23-06-2008,2008.045,FALSE
4495,"Cartesian 2D CS. Axes: easting, northing (X,Y). Orientations: east, north. UoM: ft.",Cartesian,2,Used in projected and engineering coordinate reference systems.,OGP,OGP,06-11-2001,,FALSE
4496,"Cartesian 2D CS. Axes: easting, northing [E(X),N(Y)]. Orientations: east, north. UoM: m.",Cartesian,2,Used in projected and engineering coordinate reference systems.,OGP,OGP,29-04-2001,,FALSE
4497,"Cartesian 2D CS. Axes: easting, northing (X,Y). Orientations: east, north. UoM: ftUS.",Cartesian,2,Used in projected and engineering coordinate reference systems.,OGP,OGP,29-04-2001,,FALSE
4498,"Cartesian 2D CS. Axes: easting, northing (Y,X). Orientations: east, north. UoM: m.",Cartesian,2,Used in projected and engineering coordinate reference systems.,OGP,OGP,29-04-2001,,FALSE
4499,"Cartesian 2D CS. Axes: easting, northing (X,Y). Orientations: east, north. UoM: m.",Cartesian,2,Used in projected and engineering coordinate reference systems.,OGP,OGP,29-04-2001,,FALSE
4500,"Cartesian 2D CS. Axes: northing, easting (N,E). Orientations: north, east. UoM: m.",Cartesian,2,Used in projected and engineering coordinate reference systems.,OGP,OGP,29-04-2001,,FALSE
4501,"Cartesian 2D CS. Axes: northing, westing (N,E). Orientations: north, west. UoM: m.",Cartesian,2,Used in Danish projected coordinate reference systems. Note that second axis has abbreviation E but is positive west.,OGP,OGP,26-01-2002,,FALSE
4502,"Cartesian 2D CS. Axes: northing, easting (N,E). Orientations: north, east. UoM: ftCla.",Cartesian,2,Used in projected and engineering coordinate reference systems.,OGP,OGP,25-09-2006,,FALSE
4530,"Cartesian 2D CS. Axes: northing, easting (X,Y). Orientations: north, east. UoM: m.",Cartesian,2,Used in projected and engineering coordinate reference systems.,OGP,OGP,29-04-2001,,FALSE
4531,"Cartesian 2D CS. Axes: northing, easting (x,y). Orientations: north, east. UoM: m.",Cartesian,2,Used in projected and engineering coordinate reference systems.,OGP,OGP,29-04-2001,,FALSE
4532,"Cartesian 2D CS. Axes: northing, easting (Y,X). Orientations: north, east. UoM: m.",Cartesian,2,Used in projected and engineering coordinate reference systems.,OGP,OGP,29-04-2001,,FALSE
4533,"Cartesian 2D CS. Axes: northing, easting (X,Y). Orientations: north, east. UoM: lk.",Cartesian,2,Used in projected and engineering coordinate reference systems.,OGP,OGP,19-07-2006,,FALSE
4534,"Cartesian 2D CS. Axes: northing, easting (no abbrev). Orientations: north, east. UoM: m.",Cartesian,2,Used in projected coordinate reference systems for nautical charting.,OGP,OGP,30-07-2006,,FALSE
6401,"Ellipsoidal 3D CS. Axes: latitude, longitude, ellipsoidal height. Orientations: north, east, up. UoM: DMSH, DMSH, m.",ellipsoidal,3,Used in geographic 3D coordinate reference systems. Preferred axis unit format for human interface.,OGP,OGP,18-11-2002,2002.850,TRUE
6402,"Ellipsoidal 2D CS. Axes: latitude, longitude. Orientations: north, east. UoM: DMSH.",ellipsoidal,2,Used in geographic 2D coordinate reference systems. Preferred axis unit format for human interface.,OGP,OGP,18-11-2002,2002.850,TRUE
6403,"Ellipsoidal 2D CS. Axes: latitude, longitude. Orientations: north, east. UoM: grads.",ellipsoidal,2,Used in geographic 2D coordinate reference systems.,OGP,IOGP,22-05-2015,2002.850 2015.018,FALSE
6404,"Spherical 3D CS. Axes: latitude, longitude, radius. Orientations: north, east, up. UoM: degrees, degrees, metres.",spherical,3,Used in geocentric 3D coordinate reference systems.,Open GIS Consortium,OGP,06-01-2004,2002.300 2003.390,FALSE
6405,"Ellipsoidal 2D CS. Axes: latitude, longitude. Orientations: north, east. UoM: dec deg",ellipsoidal,2,Used for computer interchange of geographic 2D coordinate reference systems.,OGP,OGP,22-11-2002,,TRUE
6406,"Ellipsoidal 2D CS. Axes: latitude, longitude. Orientations: north, east. UoM: degH",ellipsoidal,2,Used in geographic 2D coordinate reference systems adopting an alternative representation to degree minute second hemisphere.,OGP,OGP,22-11-2002,,TRUE
6407,"Ellipsoidal 2D CS. Axes: latitude, longitude. Orientations: north, east. UoM: Hdeg",ellipsoidal,2,Used in geographic 2D coordinate reference systems adopting an alternative representation to degree minute second hemisphere.,OGP,OGP,22-11-2002,,TRUE
6408,"Ellipsoidal 2D CS. Axes: latitude, longitude. Orientations: north, east. UoM: DM",ellipsoidal,2,Used in geographic 2D coordinate reference systems adopting an alternative representation to degree minute second hemisphere.,OGP,OGP,22-11-2002,,TRUE
6409,"Ellipsoidal 2D CS. Axes: latitude, longitude. Orientations: north, east. UoM: DMH",ellipsoidal,2,Used in geographic 2D coordinate reference systems adopting an alternative representation to degree minute second hemisphere.,OGP,OGP,22-11-2002,,TRUE
6410,"Ellipsoidal 2D CS. Axes: latitude, longitude. Orientations: north, east. UoM: HDM",ellipsoidal,2,Used in geographic 2D coordinate reference systems adopting an alternative representation to degree minute second hemisphere.,OGP,OGP,22-11-2002,,TRUE
6411,"Ellipsoidal 2D CS. Axes: latitude, longitude. Orientations: north, east. UoM: DMS",ellipsoidal,2,Used in geographic 2D coordinate reference systems adopting an alternative representation to degree minute second hemisphere.,OGP,OGP,22-11-2002,,TRUE
6412,"Ellipsoidal 2D CS. Axes: latitude, longitude. Orientations: north, east. UoM: HDMS",ellipsoidal,2,Used in geographic 2D coordinate reference systems adopting an alternative representation to degree minute second hemisphere.,OGP,OGP,22-11-2002,,TRUE
6413,"Ellipsoidal 3D CS. Axes: latitude, longitude, ellipsoidal height. Orientations: north, east, up. UoM: dec deg, dec deg, m.",ellipsoidal,3,Used for computer interchange of geographic 3D coordinate reference systems.,OGP,OGP,22-11-2002,,TRUE
6414,"Ellipsoidal 3D CS. Axes: latitude, longitude, ellipsoidal height. Orientations: north, east, up. UoM: degH, degH, m.",ellipsoidal,3,Used in geographic 3D coordinate reference systems adopting an alternative representation to degree minute second hemisphere.,OGP,OGP,22-11-2002,,TRUE
6415,"Ellipsoidal 3D CS. Axes: latitude, longitude, ellipsoidal height. Orientations: north, east, up. UoM: Hdeg, Hdeg, m.",ellipsoidal,3,Used in geographic 3D coordinate reference systems adopting an alternative representation to degree minute second hemisphere.,OGP,OGP,22-11-2002,,TRUE
6416,"Ellipsoidal 3D CS. Axes: latitude, longitude, ellipsoidal height. Orientations: north, east, up. UoM: DM, DM, m.",ellipsoidal,3,Used in geographic 3D coordinate reference systems adopting an alternative representation to degree minute second hemisphere.,OGP,OGP,22-11-2002,,TRUE
6417,"Ellipsoidal 3D CS. Axes: latitude, longitude, ellipsoidal height. Orientations: north, east, up. UoM: DMH, DMH, m.",ellipsoidal,3,Used in geographic 3D coordinate reference systems adopting an alternative representation to degree minute second hemisphere.,OGP,OGP,22-11-2002,,TRUE
6418,"Ellipsoidal 3D CS. Axes: latitude, longitude, ellipsoidal height. Orientations: north, east, up. UoM: HDM, HDM, m.",ellipsoidal,3,Used in geographic 3D coordinate reference systems adopting an alternative representation to degree minute second hemisphere.,OGP,OGP,22-11-2002,,TRUE
6419,"Ellipsoidal 3D CS. Axes: latitude, longitude, ellipsoidal height. Orientations: north, east, up. UoM: DMS, DMS, m.",ellipsoidal,3,Used in geographic 3D coordinate reference systems adopting an alternative representation to degree minute second hemisphere.,OGP,OGP,22-11-2002,,TRUE
6420,"Ellipsoidal 3D CS. Axes: latitude, longitude, ellipsoidal height. Orientations: north, east, up. UoM: HDMS, HDMS, m.",ellipsoidal,3,Used in geographic 3D coordinate reference systems adopting an alternative representation to degree minute second hemisphere.,OGP,OGP,22-11-2002,,TRUE
6421,"Ellipsoidal 3D CS. Axes: latitude, longitude, ellipsoidal height. Orientations: north, east, up. UoM: grads, grads, m.",ellipsoidal,3,Used in geographic 3D coordinate reference systems.,OGP,IOGP,22-05-2015,2015.018,FALSE
6422,"Ellipsoidal 2D CS. Axes: latitude, longitude. Orientations: north, east. UoM: degree",ellipsoidal,2,"Coordinates referenced to this CS are in degrees. Any degree representation (e.g. DMSH, decimal, etc.) may be used but that used must be declared for the user by the supplier of data. Used in geographic 2D coordinate reference systems.",OGP,IOGP,22-05-2015,2008.045 2015.018,FALSE
6423,"Ellipsoidal 3D CS. Axes: latitude, longitude, ellipsoidal height. Orientations: north, east, up. UoM: degree, degree, metre.",ellipsoidal,3,"Horizontal coordinates referenced to this CS are in degrees. Any degree representation (e.g. DMSH, decimal, etc.) may be used but that used must be declared for the user. Used in geographic 3D coordinate reference systems.",OGP,IOGP,22-05-2015,2008.045 2015.018,FALSE
6424,"Ellipsoidal 2D CS. Axes: longitude, latitude. Orientations: east, north. UoM: degree",ellipsoidal,2,"Used in geog2D CRSs for some web mapping: CS code 6422 recommended. Coordinates referenced to this CS are in degrees. Any degree representation (e.g. DMSH, decimal, etc.) may be used but that used must be declared for the user by the supplier of data.",OGP,IOGP,22-05-2015,2008.045 2015.018,FALSE
6425,"Ellipsoidal 2D CS. Axes: longitude, latitude. Orientations: east, north. UoM: grads.",ellipsoidal,2,Used in geographic 2D coordinate reference systems for web mapping. Not recommended for use at the human interface: use of CS code 6403 is preferred.,OGP,IOGP,22-05-2015,2015.018,FALSE
6426,"Ellipsoidal 3D CS. Axes: longitude, latitude, ellipsoidal height. Orientations: east, north, up. UoM: degree, degree, metre.",ellipsoidal,3,"Used in some geographic 3D CRSs for web mapping. CS code 6423 recommended instead. Horizontal coordinates referenced to this CS are in degrees. Any degree representation (e.g. DMSH, decimal, etc.) may be used but that used must be declared for the user.",OGP,IOGP,22-05-2015,2008.045 2015.018,FALSE
6427,"Ellipsoidal 3D CS. Axes: longitude, latitude, ellipsoidal height. Orientations: east, north, up. UoM: grads, grads, m.",ellipsoidal,3,Used in geographic 3D coordinate reference systems for web mapping. Not recommended for use at the human interface: use of CS code 6421 is preferred.,OGP,IOGP,22-05-2015,2015.018,FALSE
6428,"Ellipsoidal 2D CS. Axes: latitude, longitude. Orientations: north, east. UoM: rad",ellipsoidal,2,Used in geographic 2D coordinate reference systems.,OGP,IOGP,22-05-2015,2015.018,FALSE
6429,"Ellipsoidal 2D CS. Axes: longitude, latitude. Orientations: east, north. UoM: rad",ellipsoidal,2,Used in geographic 2D coordinate reference systems for web mapping. Not recommended for use at the human interface: use of CS code 6428 is preferred.,OGP,IOGP,22-05-2015,2015.018,FALSE
6430,"Ellipsoidal 3D CS. Axes: latitude, longitude, ellipsoidal height. Orientations: north, east, up. UoM: rad, rad, m.",ellipsoidal,3,Used in geographic 3D coordinate reference systems.,OGP,IOGP,22-05-2015,2015.018,FALSE
6431,"Ellipsoidal 3D CS. Axes: longitude, latitude, ellipsoidal height. Orientations: east, north, up. UoM: rad, rad, m.",ellipsoidal,3,Used in geographic 3D coordinate reference systems for web mapping. Not recommended for use at the human interface: use of CS code 6430 is preferred.,OGP,IOGP,22-05-2015,2015.018,FALSE
6495,Vertical CS. Axis: depth (D). Orientation: down. UoM: ft.,vertical,1,Used in vertical coordinate reference systems.,OGP,OGP,14-03-2008,,FALSE
6496,Vertical CS. Axis: height (H). Orientation: up. UoM: ft(Br36).,vertical,1,Used in vertical coordinate reference systems.,OGP,OGP,28-11-2006,,FALSE
6497,Vertical CS. Axis: height (H). Orientation: up. UoM: ftUS.,vertical,1,Used in vertical coordinate reference systems.,OGP,OGP,28-11-2006,,FALSE
6498,Vertical CS. Axis: depth (D). Orientation: down. UoM: m.,vertical,1,Used in vertical coordinate reference systems.,OGP,OGP,28-11-2006,,FALSE
6499,Vertical CS. Axis: height (H). Orientation: up. UoM: m.,vertical,1,Used in vertical coordinate reference systems.,OGP,OGP,28-11-2006,,FALSE
6500,"Earth centred, earth fixed, righthanded 3D coordinate system, consisting of 3 orthogonal axes with X and Y axes in the equatorial plane, positive Z-axis parallel to mean earth rotation axis and pointing towards North Pole. UoM: m.",Cartesian,3,"Cartesian 3D CS, used in geocentric coordinate reference systems.",OGP,OGP,23-06-2008,2008.045,FALSE
6501,"Cartesian 2D CS. Axes: southing, westing (X,Y). Orientations: south, west. UoM: m.",Cartesian,2,Used in projected and engineering coordinate reference systems.,OGP,OGP,29-04-2001,,FALSE
6502,"Cartesian 2D CS. Axes: westing, southing (Y,X). Orientations: west, south. UoM: GLM.",Cartesian,2,Used in projected and engineering coordinate reference systems.,OGP,OGP,29-04-2001,,FALSE
6503,"Cartesian 2D CS. Axes: westing, southing (Y,X). Orientations: west, south. UoM: m.",Cartesian,2,Used in projected and engineering coordinate reference systems.,OGP,OGP,29-04-2001,,FALSE
6504,"Cartesian 2D CS. Axes: plant N, Plant E (n,e). Orientations: northwest, northeast. UoM: m.",Cartesian,2,Used in engineering coordinate reference systems.,OGP,OGP,28-07-2014,2014.047,FALSE
6505,"Cartesian 2D CS. Axes: 1st local axis, 2nd local axis (n,e). Orientations: northwest, northeast. UoM: m.",Cartesian,2,Used in engineering coordinate reference systems.,OGP,OGP,28-07-2014,2014.047,FALSE
6506,"Cartesian 2D CS. Axes: 1st local axis, 2nd local axis (I,J). Orientations: ese/nne. UoM: 165 x 330 ftUS.",Cartesian,2,Used in engineering coordinate reference systems for seismic bin grids.,OGP,OGP,19-01-2001,2014.047,TRUE
6507,"Cartesian 2D CS. Axes: 1st local axis, 2nd local axis (X,Y). Orientations: north, west. UoM: m.",Cartesian,2,Used in engineering coordinate reference systems.,OGP,OGP,19-01-2001,,FALSE
6508,"Cartesian 2D CS. Axes: bin grid J, bin grid I (J,I). Orientations: nne/ese. UoM: 12.5 x 25m.",Cartesian,2,Used in engineering coordinate reference systems for seismic bin grids.,OGP,OGP,19-01-2001,2011.106,TRUE
6509,"Cartesian 2D CS. Axes: southing, westing (P,M). Orientations: south, west. UoM: m.",Cartesian,2,Used in old projected coordinate reference systems in Portugal.,OGP,OGP,13-07-2002,,FALSE
6510,"Cartesian 2D CS. Axes: plant E, Plant N (x,y). Orientations: northeast, northwest. UoM: m.",Cartesian,2,Used in engineering coordinate reference systems.,OGP,OGP,28-07-2014,2014.047,FALSE
6511,"Seismic acquisition bin grid. Axes: Inline, Crossline (I,J). Orientations: Along rx line, across rx line. UoM: 25m x 12.5m.",Cartesian,2,"Bin grid increment on I axis = 1 bin, bin grid increment on J axis = 1 bin.
By definition, I axis is rotated 90 degrees clockwise from J axis.",OGP,OGP,09-09-2005,2011.106,TRUE
6512,"Cartesian 3D CS (gravity-related Topocentric). Axes: plant E, Plant N, height (x,y,z). Orientations: east, north, up. UoM: m.",Cartesian,3,Used in engineering coordinate reference systems. x and y are in the horizontal plane and z is the local vertical. Not to be confused with CS 4461.,OGP,OGP,17-08-2008,2008.086 2012.068,TRUE
